id,oswp
1,https://orka.sejm.gov.pl/osw10.nsf/0/BCABAA60BA061079C1258A6200565C75/%24File/OSW10P_001.pdf
2,https://orka.sejm.gov.pl/osw10.nsf/0/B4D60B6E26CE6C99C1258A65005C6461/%24File/OSW10P_002.pdf
3,https://orka.sejm.gov.pl/osw10.nsf/0/04D0D036364AB0B3C1258A5400545FCC/%24File/OSW10P_003.pdf
4,https://orka.sejm.gov.pl/osw10.nsf/0/06288003EF0068F7C1258A6200592F87/%24File/OSW10P_004.pdf
5,https://orka.sejm.gov.pl/osw10.nsf/0/7BA6E5D242612974C1258A6500645F5F/%24File/OSW10P_005.pdf
6,https://orka.sejm.gov.pl/osw10.nsf/0/B2FA095E1CC77F71C1258A66003C4117/%24File/OSW10P_006.pdf
7,https://orka.sejm.gov.pl/osw10.nsf/0/35916971A44E4CC6C1258A65006BE7C0/%24File/OSW10P_007.pdf
8,https://orka.sejm.gov.pl/osw10.nsf/0/82DA76498469E1CAC1258A61004BE0AF/%24File/OSW10P_008.pdf
9,https://orka.sejm.gov.pl/osw10.nsf/0/9EE3492E9B3F4976C1258A6600417A76/%24File/OSW10P_009.pdf
10,https://orka.sejm.gov.pl/osw10.nsf/0/0AF4AA97A6499C11C1258A550039E103/%24File/OSW10P_010.pdf
11,https://orka.sejm.gov.pl/osw10.nsf/0/86D5DF26C1AA274CC1258A660031D946/%24File/OSW10P_011.pdf
12,https://orka.sejm.gov.pl/osw10.nsf/0/AC8A09F4C46618B4C1258A54004E799A/%24File/OSW10P_012.pdf
13,https://orka.sejm.gov.pl/osw10.nsf/0/4CDF5B43E11FE956C1258A61004C722D/%24File/OSW10P_013.pdf
14,https://orka.sejm.gov.pl/osw10.nsf/0/31270DD34C1DE062C1258A6500617DAF/%24File/OSW10P_014.pdf
15,https://orka.sejm.gov.pl/osw10.nsf/0/A6008405BA39AD07C1258A5800375A9E/%24File/OSW10P_015.pdf
16,https://orka.sejm.gov.pl/osw10.nsf/0/E415979D231B9972C1258A61003BBD89/%24File/OSW10P_016.pdf
17,https://orka.sejm.gov.pl/osw10.nsf/0/2B925AAB926FE970C1258A540054F61B/%24File/OSW10P_017.pdf
18,https://orka.sejm.gov.pl/osw10.nsf/0/F6485A760E6BBE5AC1258A61004BCE98/%24File/OSW10P_018.pdf
19,https://orka.sejm.gov.pl/osw10.nsf/0/536BE4437D0EA2E3C1258A65006DADF5/%24File/OSW10P_019.pdf
20,https://orka.sejm.gov.pl/osw10.nsf/0/8A6BC9E76ADCADCCC1258A65006C9620/%24File/OSW10P_020.pdf
21,https://orka.sejm.gov.pl/osw10.nsf/0/2962754396515D09C1258A65006484A3/%24File/OSW10P_021.pdf
22,https://orka.sejm.gov.pl/osw10.nsf/0/880F9B984072D581C1258A66002AD619/%24File/OSW10P_022.pdf
23,https://orka.sejm.gov.pl/osw10.nsf/0/C00B2074E603FE3DC1258A65006DF60E/%24File/OSW10P_023.pdf
24,https://orka.sejm.gov.pl/osw10.nsf/0/296C17C3FCB754BDC1258A6500638044/%24File/OSW10P_024.pdf
25,https://orka.sejm.gov.pl/osw10.nsf/0/06A0AEF8B43C229FC1258A65006BE5D1/%24File/OSW10P_025.pdf
26,https://orka.sejm.gov.pl/osw10.nsf/0/C93B67574F6C9158C1258A5400558B66/%24File/OSW10P_026.pdf
27,https://orka.sejm.gov.pl/osw10.nsf/0/BDFA7A8CDD24F17BC1258A5400522F24/%24File/OSW10P_027.pdf
28,https://orka.sejm.gov.pl/osw10.nsf/0/49DEEEAB7482703FC1258A66003CA550/%24File/OSW10P_028.pdf
29,https://orka.sejm.gov.pl/osw10.nsf/0/3EC52E92045CEF17C1258A580044E3E1/%24File/OSW10P_029.pdf
30,https://orka.sejm.gov.pl/osw10.nsf/0/90BFBCE04DDD9A40C1258A54004E9D53/%24File/OSW10P_030.pdf
31,https://orka.sejm.gov.pl/osw10.nsf/0/A38C875202B8ACF0C1258A6500621A54/%24File/OSW10P_031.pdf
32,https://orka.sejm.gov.pl/osw10.nsf/0/72431C638480C5FBC1258A66002BA24A/%24File/OSW10P_032.pdf
33,https://orka.sejm.gov.pl/osw10.nsf/0/913808456AA29A74C1258A66002BEA5F/%24File/OSW10P_033.pdf
34,https://orka.sejm.gov.pl/osw10.nsf/0/AF6BCE157D5F7325C1258A600052C0DE/%24File/OSW10P_034.pdf
35,https://orka.sejm.gov.pl/osw10.nsf/0/2F34ABFE622D3E5DC1258A66002B32A7/%24File/OSW10P_035.pdf
36,https://orka.sejm.gov.pl/osw10.nsf/0/5C67D04986203B26C1258A6200506F6E/%24File/OSW10P_036.pdf
37,https://orka.sejm.gov.pl/osw10.nsf/0/BBB9B92927B444DCC1258A65006DFEE5/%24File/OSW10P_037.pdf
38,https://orka.sejm.gov.pl/osw10.nsf/0/5E84B001FB99212BC1258A5C00318ACD/%24File/OSW10P_038.pdf
39,https://orka.sejm.gov.pl/osw10.nsf/0/7B71AA765932DC9CC1258A66002E064E/%24File/OSW10P_039.pdf
40,https://orka.sejm.gov.pl/osw10.nsf/0/C8D75C7DD78D25F2C1258A5F00579090/%24File/OSW10P_040.pdf
41,https://orka.sejm.gov.pl/osw10.nsf/0/CC03B6847F61F2EAC1258A65006CF3A3/%24File/OSW10P_041.pdf
42,https://orka.sejm.gov.pl/osw10.nsf/0/BFBC600ACB574DAAC1258A54005CA30C/%24File/OSW10P_042.pdf
43,https://orka.sejm.gov.pl/osw10.nsf/0/97BDE8FF7C9C4755C1258A530061190C/%24File/OSW10P_043.pdf
44,https://orka.sejm.gov.pl/osw10.nsf/0/91D8F09463C1E27CC1258A540053BA62/%24File/OSW10P_044.pdf
45,https://orka.sejm.gov.pl/osw10.nsf/0/26BFAEA6CC80E4D9C1258A65006E37A6/%24File/OSW10P_045.pdf
46,https://orka.sejm.gov.pl/osw10.nsf/0/42FC7ECD09119B94C1258A5F00585D7D/%24File/OSW10P_046.pdf
47,https://orka.sejm.gov.pl/osw10.nsf/0/F2EEDB48ED134CC1C1258A6200360DE4/%24File/OSW10P_047.pdf
48,https://orka.sejm.gov.pl/osw10.nsf/0/47F1651335CE047AC1258A54004E35D8/%24File/OSW10P_048.pdf
49,https://orka.sejm.gov.pl/osw10.nsf/0/A0A9E691BCE5EBE7C1258A540055FB7B/%24File/OSW10P_049.pdf
50,https://orka.sejm.gov.pl/osw10.nsf/0/C137B71B6C06771AC1258A59003BC851/%24File/OSW10P_050.pdf
51,https://orka.sejm.gov.pl/osw10.nsf/0/7CFC2B4EFC89047DC1258A66002AB583/%24File/OSW10P_051.pdf
52,https://orka.sejm.gov.pl/osw10.nsf/0/E690F558AB28125AC1258A65006CAC53/%24File/OSW10P_052.pdf
53,https://orka.sejm.gov.pl/osw10.nsf/0/CBF403A126643D82C1258A5C003173AB/%24File/OSW10P_053.pdf
54,https://orka.sejm.gov.pl/osw10.nsf/0/548C0EBA865A1E72C1258A5400560D14/%24File/OSW10P_054.pdf
55,https://orka.sejm.gov.pl/osw10.nsf/0/5E164FDEEE5D2CE7C1258A5F00574D0E/%24File/OSW10P_055.pdf
56,https://orka.sejm.gov.pl/osw10.nsf/0/5E1E91E60EDA768BC1258A620055D92E/%24File/OSW10P_056.pdf
57,https://orka.sejm.gov.pl/osw10.nsf/0/A58F86649939EE29C1258A53005958ED/%24File/OSW10P_057.pdf
58,https://orka.sejm.gov.pl/osw10.nsf/0/6A01BC35AEF376A0C1258A600036B4DB/%24File/OSW10P_058.pdf
59,https://orka.sejm.gov.pl/osw10.nsf/0/D0134AC2B26C3148C1258A54004F9F20/%24File/OSW10P_059.pdf
60,https://orka.sejm.gov.pl/osw10.nsf/0/FCF8D8D59F86D329C1258A600053A0EF/%24File/OSW10P_060.pdf
61,https://orka.sejm.gov.pl/osw10.nsf/0/87CC4B6FB39F3190C1258A63004F9FD8/%24File/OSW10P_061.pdf
62,https://orka.sejm.gov.pl/osw10.nsf/0/34B9AC706584D344C1258A6600625D13/%24File/OSW10P_062.pdf
63,https://orka.sejm.gov.pl/osw10.nsf/0/EA1EA7BF8C6726E3C1258A65006C21F3/%24File/OSW10P_063.pdf
64,https://orka.sejm.gov.pl/osw10.nsf/0/86E9033169A10A36C1258A65006C588D/%24File/OSW10P_064.pdf
65,https://orka.sejm.gov.pl/osw10.nsf/0/D2D14DF0D6167855C1258A5400550960/%24File/OSW10P_065.pdf
66,https://orka.sejm.gov.pl/osw10.nsf/0/672DA3E04C113016C1258A5F0057FAA1/%24File/OSW10P_066.pdf
67,https://orka.sejm.gov.pl/osw10.nsf/0/EACDC73E9A530E40C1258A63004CFCA0/%24File/OSW10P_067.pdf
68,https://orka.sejm.gov.pl/osw10.nsf/0/37621D828EAA85F8C1258A65006CCE1C/%24File/OSW10P_068.pdf
69,https://orka.sejm.gov.pl/osw10.nsf/0/A57589C8B42FC078C1258A5400552A38/%24File/OSW10P_069.pdf
70,https://orka.sejm.gov.pl/osw10.nsf/0/9AB408E8E6AF3C00C1258A5C00474514/%24File/OSW10P_070.pdf
71,https://orka.sejm.gov.pl/osw10.nsf/0/59EEE7A3367BC429C1258A5400554F56/%24File/OSW10P_071.pdf
72,https://orka.sejm.gov.pl/osw10.nsf/0/0A4D8512AC594A85C1258A600053AE1E/%24File/OSW10P_072.pdf
73,https://orka.sejm.gov.pl/osw10.nsf/0/4B95598ABF3E8E35C1258A5F0056C92B/%24File/OSW10P_073.pdf
74,https://orka.sejm.gov.pl/osw10.nsf/0/F0E1EB0B2827210DC1258A54004FB5EC/%24File/OSW10P_074.pdf
75,https://orka.sejm.gov.pl/osw10.nsf/0/EA26E600EA5025E5C1258A620052395B/%24File/OSW10P_075.pdf
76,https://orka.sejm.gov.pl/osw10.nsf/0/8B3754314B364B59C1258A660049B72B/%24File/OSW10P_076.pdf
77,https://orka.sejm.gov.pl/osw10.nsf/0/5F24FB4A1EC31DBEC1258A660035C2D7/%24File/OSW10P_077.pdf
78,https://orka.sejm.gov.pl/osw10.nsf/0/84E2E544D5ABDC20C1258A59003CD0CD/%24File/OSW10P_078.pdf
79,https://orka.sejm.gov.pl/osw10.nsf/0/36CB3852C32B5452C1258A66003B08F7/%24File/OSW10P_079.pdf
80,https://orka.sejm.gov.pl/osw10.nsf/0/070E2D2CDCF0A3BFC1258A650064C4F2/%24File/OSW10P_080.pdf
81,https://orka.sejm.gov.pl/osw10.nsf/0/FF86D79903914192C1258A650064A310/%24File/OSW10P_081.pdf
82,https://orka.sejm.gov.pl/osw10.nsf/0/6267989B56EDEFA5C1258A61004BB911/%24File/OSW10P_082.pdf
83,https://orka.sejm.gov.pl/osw10.nsf/0/830E828F3CAFC6D7C1258A65006CCB5A/%24File/OSW10P_083.pdf
84,https://orka.sejm.gov.pl/osw10.nsf/0/3E180C74784BDBC2C1258A530064A5D2/%24File/OSW10P_084.pdf
85,https://orka.sejm.gov.pl/osw10.nsf/0/77B8769BDEBFDD4FC1258A65006BFDCE/%24File/OSW10P_085.pdf
86,https://orka.sejm.gov.pl/osw10.nsf/0/F259991EB7F723C8C1258A6300580FA8/%24File/OSW10P_086.pdf
87,https://orka.sejm.gov.pl/osw10.nsf/0/43C96DD52BC1E222C1258A61004AF669/%24File/OSW10P_087.pdf
88,https://orka.sejm.gov.pl/osw10.nsf/0/8F99AA824AD6A7DCC1258A660035E08E/%24File/OSW10P_088.pdf
89,https://orka.sejm.gov.pl/osw10.nsf/0/51AC6A5586919ADCC1258A6600508B79/%24File/OSW10P_089.pdf
90,https://orka.sejm.gov.pl/osw10.nsf/0/36C858E1B28F29AAC1258A6300569862/%24File/OSW10P_090.pdf
91,https://orka.sejm.gov.pl/osw10.nsf/0/C9BCCDC83460D670C1258A65006DC300/%24File/OSW10P_091.pdf
92,https://orka.sejm.gov.pl/osw10.nsf/0/F7606D1E579E5AB0C1258A600053CBBF/%24File/OSW10P_092.pdf
93,https://orka.sejm.gov.pl/osw10.nsf/0/3F7E241BC73ABBD6C1258A61004A9A98/%24File/OSW10P_093.pdf
94,https://orka.sejm.gov.pl/osw10.nsf/0/A7BB8DBDFA258EECC1258A60004B40BF/%24File/OSW10P_094.pdf
95,https://orka.sejm.gov.pl/osw10.nsf/0/987D4E570BAD8B25C1258A66003B48A2/%24File/OSW10P_095.pdf
96,https://orka.sejm.gov.pl/osw10.nsf/0/EC5309E75E9C919BC1258A540055ED57/%24File/OSW10P_096.pdf
97,https://orka.sejm.gov.pl/osw10.nsf/0/D9BD83AC91A0F337C1258A620051527D/%24File/OSW10P_097.pdf
98,https://orka.sejm.gov.pl/osw10.nsf/0/8C8F4A435E7B3C13C1258A65006CFF77/%24File/OSW10P_098.pdf
99,https://orka.sejm.gov.pl/osw10.nsf/0/2253D197946EDC30C1258A61004B6CAB/%24File/OSW10P_099.pdf
100,https://orka.sejm.gov.pl/osw10.nsf/0/7EF1B2FF83741B95C1258A59003C1203/%24File/OSW10P_100.pdf
101,https://orka.sejm.gov.pl/osw10.nsf/0/BABCB580FF8BCE19C1258A620055F10C/%24File/OSW10P_101.pdf
102,https://orka.sejm.gov.pl/osw10.nsf/0/EA1D0EB55F3502CFC1258A5F00576003/%24File/OSW10P_102.pdf
103,https://orka.sejm.gov.pl/osw10.nsf/0/FCFF99CCBD8B7504C1258A6500622219/%24File/OSW10P_103.pdf
104,https://orka.sejm.gov.pl/osw10.nsf/0/2C46A44C0078E0A7C1258A65006DD8FC/%24File/OSW10P_104.pdf
105,https://orka.sejm.gov.pl/osw10.nsf/0/BFA55CD6118740C3C1258A55003CBB77/%24File/OSW10P_105.pdf
106,https://orka.sejm.gov.pl/osw10.nsf/0/FFFF665F8362B576C1258A6100575F47/%24File/OSW10P_106.pdf
107,https://orka.sejm.gov.pl/osw10.nsf/0/75E6DF37F9A59CB6C1258A600040E7D3/%24File/OSW10P_107.pdf
108,https://orka.sejm.gov.pl/osw10.nsf/0/5505571518335E27C1258A6500616C98/%24File/OSW10P_108.pdf
109,https://orka.sejm.gov.pl/osw10.nsf/0/005593BCEF3AF7B9C1258A5F002E24CF/%24File/OSW10P_109.pdf
110,https://orka.sejm.gov.pl/osw10.nsf/0/BC2F59A40A576852C1258A65005F6DD8/%24File/OSW10P_110.pdf
111,https://orka.sejm.gov.pl/osw10.nsf/0/84D74744AEDB53C6C1258A6300582451/%24File/OSW10P_111.pdf
112,https://orka.sejm.gov.pl/osw10.nsf/0/1305839AB42BA317C1258A65006177F1/%24File/OSW10P_112.pdf
113,https://orka.sejm.gov.pl/osw10.nsf/0/06B8E29F6827006BC1258A65006E3EF1/%24File/OSW10P_113.pdf
114,https://orka.sejm.gov.pl/osw10.nsf/0/18996EF6957DE5DFC1258A65006E1425/%24File/OSW10P_114.pdf
115,https://orka.sejm.gov.pl/osw10.nsf/0/2DF08E33A9EECDCDC1258A6300535B5C/%24File/OSW10P_115.pdf
116,https://orka.sejm.gov.pl/osw10.nsf/0/D0CF8915A56AE338C1258A580038ACF5/%24File/OSW10P_116.pdf
117,https://orka.sejm.gov.pl/osw10.nsf/0/DDD636BB3B13A438C1258A66002B0B9C/%24File/OSW10P_117.pdf
118,https://orka.sejm.gov.pl/osw10.nsf/0/9E69271A60F2C075C1258A5400559E0E/%24File/OSW10P_118.pdf
119,https://orka.sejm.gov.pl/osw10.nsf/0/9FC94642BF271853C1258A66003B3733/%24File/OSW10P_119.pdf
120,https://orka.sejm.gov.pl/osw10.nsf/0/DEE9112E68785AB5C1258A6500620399/%24File/OSW10P_120.pdf
121,https://orka.sejm.gov.pl/osw10.nsf/0/1733FB4167C72760C1258A66002BF921/%24File/OSW10P_121.pdf
122,https://orka.sejm.gov.pl/osw10.nsf/0/C5463492D29FD6B6C1258A540054C330/%24File/OSW10P_122.pdf
123,https://orka.sejm.gov.pl/osw10.nsf/0/E9BACD8CD9FEBA70C1258A53005938A1/%24File/OSW10P_123.pdf
124,https://orka.sejm.gov.pl/osw10.nsf/0/FEF7F5F33FE4BC18C1258A6500646C6A/%24File/OSW10P_124.pdf
125,https://orka.sejm.gov.pl/osw10.nsf/0/FCEC97F68E9E1538C1258A530064E737/%24File/OSW10P_125.pdf
126,https://orka.sejm.gov.pl/osw10.nsf/0/E3CA4C0B04345A50C1258A6300575EAD/%24File/OSW10P_126.pdf
127,https://orka.sejm.gov.pl/osw10.nsf/0/62333EA938F497BAC1258A6500647B33/%24File/OSW10P_127.pdf
128,https://orka.sejm.gov.pl/osw10.nsf/0/34095336E3A88250C1258A66002AAD1B/%24File/OSW10P_128.pdf
129,https://orka.sejm.gov.pl/osw10.nsf/0/389FDF66F3420FC5C1258A540054DA8A/%24File/OSW10P_129.pdf
130,https://orka.sejm.gov.pl/osw10.nsf/0/2C24A480D0C7658AC1258A600036CD13/%24File/OSW10P_130.pdf
131,https://orka.sejm.gov.pl/osw10.nsf/0/CDF11AB55672362CC1258A6300533E13/%24File/OSW10P_131.pdf
132,https://orka.sejm.gov.pl/osw10.nsf/0/5F72708FB82D6B8BC1258A600053DE30/%24File/OSW10P_132.pdf
133,https://orka.sejm.gov.pl/osw10.nsf/0/D8CD95D7588F4201C1258A66003E411A/%24File/OSW10P_133.pdf
134,https://orka.sejm.gov.pl/osw10.nsf/0/90F148BF70CA6E46C1258A530061BB53/%24File/OSW10P_134.pdf
135,https://orka.sejm.gov.pl/osw10.nsf/0/B5395AB801BD3927C1258A6200566F77/%24File/OSW10P_135.pdf
136,https://orka.sejm.gov.pl/osw10.nsf/0/A248B0FF5B58C90AC1258A530059D98F/%24File/OSW10P_136.pdf
137,https://orka.sejm.gov.pl/osw10.nsf/0/4A20E37EFA059D62C1258A660031A634/%24File/OSW10P_137.pdf
138,https://orka.sejm.gov.pl/osw10.nsf/0/B61FD8731B386A33C1258A58004B0F17/%24File/OSW10P_138.pdf
139,https://orka.sejm.gov.pl/osw10.nsf/0/AB9B020B40785185C1258A65005C0C10/%24File/OSW10P_139.pdf
140,https://orka.sejm.gov.pl/osw10.nsf/0/0E71AC9070CEFDEAC1258A6100507FAE/%24File/OSW10P_140.pdf
141,https://orka.sejm.gov.pl/osw10.nsf/0/C482EEF7BE628566C1258A66006BADEA/%24File/OSW10P_141.pdf
142,https://orka.sejm.gov.pl/osw10.nsf/0/673DB0B076C6EB73C1258A540054EDA3/%24File/OSW10P_142.pdf
143,https://orka.sejm.gov.pl/osw10.nsf/0/F688615BE0712D95C1258A6200562845/%24File/OSW10P_143.pdf
144,https://orka.sejm.gov.pl/osw10.nsf/0/EA475AE0DF0B71F7C1258A6600262550/%24File/OSW10P_144.pdf
145,https://orka.sejm.gov.pl/osw10.nsf/0/51379F3BAD45C0BFC1258A5300652181/%24File/OSW10P_145.pdf
146,https://orka.sejm.gov.pl/osw10.nsf/0/6C6F1838729EEAB6C1258A530061443E/%24File/OSW10P_146.pdf
147,https://orka.sejm.gov.pl/osw10.nsf/0/8DECD01D402CA1FAC1258A63005769A3/%24File/OSW10P_147.pdf
148,https://orka.sejm.gov.pl/osw10.nsf/0/6B549333B51529CBC1258A600053EA55/%24File/OSW10P_148.pdf
149,https://orka.sejm.gov.pl/osw10.nsf/0/0B264F898CE98728C1258A600053F6D3/%24File/OSW10P_149.pdf
150,https://orka.sejm.gov.pl/osw10.nsf/0/D56810A423453A2FC1258A5F00571545/%24File/OSW10P_150.pdf
151,https://orka.sejm.gov.pl/osw10.nsf/0/1A2FB6504303CCCCC1258A660034EEC3/%24File/OSW10P_151.pdf
152,https://orka.sejm.gov.pl/osw10.nsf/0/B5B6F86E5CAF6622C1258A630056D4B3/%24File/OSW10P_152.pdf
153,https://orka.sejm.gov.pl/osw10.nsf/0/69CDAF8FA5AF6980C1258A5400556F7D/%24File/OSW10P_153.pdf
154,https://orka.sejm.gov.pl/osw10.nsf/0/74F41AA9AB12A037C1258A65005CB1D6/%24File/OSW10P_154.pdf
155,https://orka.sejm.gov.pl/osw10.nsf/0/59F4E3C8DC1CFAE3C1258A54005518BE/%24File/OSW10P_155.pdf
156,https://orka.sejm.gov.pl/osw10.nsf/0/BCE0BFF0A49E726BC1258A53006480CC/%24File/OSW10P_156.pdf
157,https://orka.sejm.gov.pl/osw10.nsf/0/59C64B471C526C7FC1258A65006D96F3/%24File/OSW10P_157.pdf
158,https://orka.sejm.gov.pl/osw10.nsf/0/E06770B61D1C1A56C1258A61004D1331/%24File/OSW10P_158.pdf
159,https://orka.sejm.gov.pl/osw10.nsf/0/268858BA43E96328C1258A620042F4E7/%24File/OSW10P_159.pdf
160,https://orka.sejm.gov.pl/osw10.nsf/0/A5E34364F1300640C1258A6300564444/%24File/OSW10P_160.pdf
161,https://orka.sejm.gov.pl/osw10.nsf/0/7C0F632AF20FC855C1258A5300574DFA/%24File/OSW10P_161.pdf
162,https://orka.sejm.gov.pl/osw10.nsf/0/33AA2229113E2726C1258A6200597059/%24File/OSW10P_162.pdf
163,https://orka.sejm.gov.pl/osw10.nsf/0/B5CA297C9891D935C1258A5F005837FB/%24File/OSW10P_163.pdf
164,https://orka.sejm.gov.pl/osw10.nsf/0/1AA68EA47CDDA01DC1258A530059EEAE/%24File/OSW10P_164.pdf
165,https://orka.sejm.gov.pl/osw10.nsf/0/3889481E723EA8CAC1258A5F00587360/%24File/OSW10P_165.pdf
166,https://orka.sejm.gov.pl/osw10.nsf/0/051515F936B97631C1258A65006BF0C0/%24File/OSW10P_166.pdf
167,https://orka.sejm.gov.pl/osw10.nsf/0/FDF9392B047ED760C1258A630057D70E/%24File/OSW10P_167.pdf
168,https://orka.sejm.gov.pl/osw10.nsf/0/6CDDE72A28829D20C1258A66005AD7DB/%24File/OSW10P_168.pdf
169,https://orka.sejm.gov.pl/osw10.nsf/0/21D975494C154872C1258A5C003F13A7/%24File/OSW10P_169.pdf
170,https://orka.sejm.gov.pl/osw10.nsf/0/56152A3ABD95A985C1258A660027E3C5/%24File/OSW10P_170.pdf
171,https://orka.sejm.gov.pl/osw10.nsf/0/E1E8A340595FA892C1258A65005BD02A/%24File/OSW10P_171.pdf
172,https://orka.sejm.gov.pl/osw10.nsf/0/D20C454C120CFE37C1258A61004BF8B5/%24File/OSW10P_172.pdf
173,https://orka.sejm.gov.pl/osw10.nsf/0/F9885FFB5390E09EC1258A630057B6ED/%24File/OSW10P_173.pdf
174,https://orka.sejm.gov.pl/osw10.nsf/0/E5C6C0803DC316E3C1258A6200564CCC/%24File/OSW10P_174.pdf
175,https://orka.sejm.gov.pl/osw10.nsf/0/B35555CA971AA7C4C1258A65006492D6/%24File/OSW10P_175.pdf
176,https://orka.sejm.gov.pl/osw10.nsf/0/25292F9088273C52C1258A6600313879/%24File/OSW10P_176.pdf
177,https://orka.sejm.gov.pl/osw10.nsf/0/1638E1AE4AAA5A14C1258A66005AFDB7/%24File/OSW10P_177.pdf
178,https://orka.sejm.gov.pl/osw10.nsf/0/9F1C7461991E79E9C1258A66007AAFB5/%24File/OSW10P_178.pdf
179,https://orka.sejm.gov.pl/osw10.nsf/0/EE13383DE9ACF715C1258A600053098C/%24File/OSW10P_179.pdf
180,https://orka.sejm.gov.pl/osw10.nsf/0/314A4D1F09AB8B5CC1258A5B004293E2/%24File/OSW10P_180.pdf
181,https://orka.sejm.gov.pl/osw10.nsf/0/321AE58F5BDD5075C1258A54004AADFF/%24File/OSW10P_181.pdf
182,https://orka.sejm.gov.pl/osw10.nsf/0/7941BE127DAE7177C1258A660041B28D/%24File/OSW10P_182.pdf
183,https://orka.sejm.gov.pl/osw10.nsf/0/04444935446C03F0C1258A66003B3B51/%24File/OSW10P_183.pdf
184,https://orka.sejm.gov.pl/osw10.nsf/0/0804B0840D64A6ACC1258A5F00598FA3/%24File/OSW10P_184.pdf
185,https://orka.sejm.gov.pl/osw10.nsf/0/60F331C56CDE4D30C1258A670040C9C4/%24File/OSW10P_185.pdf
186,https://orka.sejm.gov.pl/osw10.nsf/0/A74B9F404E4DE782C1258A65005D277D/%24File/OSW10P_186.pdf
187,https://orka.sejm.gov.pl/osw10.nsf/0/DF78A34369A77E56C1258A6000532695/%24File/OSW10P_187.pdf
188,https://orka.sejm.gov.pl/osw10.nsf/0/5CB7CC6A850B874AC1258A6500642667/%24File/OSW10P_188.pdf
189,https://orka.sejm.gov.pl/osw10.nsf/0/773879E2026903E6C1258A6500648AF7/%24File/OSW10P_189.pdf
190,https://orka.sejm.gov.pl/osw10.nsf/0/0A21A342196063E5C1258A66004CA209/%24File/OSW10P_190.pdf
191,https://orka.sejm.gov.pl/osw10.nsf/0/3079A8ADF58DD2FDC1258A630053BB19/%24File/OSW10P_191.pdf
192,https://orka.sejm.gov.pl/osw10.nsf/0/11EE5DDA8852E6F6C1258A5F005737A3/%24File/OSW10P_192.pdf
193,https://orka.sejm.gov.pl/osw10.nsf/0/6E7B0CD9049F1BB2C1258A5400549491/%24File/OSW10P_193.pdf
194,https://orka.sejm.gov.pl/osw10.nsf/0/69275D069A576BEFC1258A6200582F0B/%24File/OSW10P_194.pdf
195,https://orka.sejm.gov.pl/osw10.nsf/0/531A7E3674D10FE7C1258A53006554F9/%24File/OSW10P_195.pdf
196,https://orka.sejm.gov.pl/osw10.nsf/0/8A534C3F8CC80E5BC1258A5300579530/%24File/OSW10P_196.pdf
197,https://orka.sejm.gov.pl/osw10.nsf/0/2F4032A3A93059A9C1258A61004C1E7D/%24File/OSW10P_197.pdf
198,https://orka.sejm.gov.pl/osw10.nsf/0/119D6077E240582DC1258A550046CBC8/%24File/OSW10P_198.pdf
199,https://orka.sejm.gov.pl/osw10.nsf/0/32C76140F9684B7CC1258A610040298D/%24File/OSW10P_199.pdf
200,https://orka.sejm.gov.pl/osw10.nsf/0/FE0825FBEB30247FC1258A660067FBF6/%24File/OSW10P_200.pdf
201,https://orka.sejm.gov.pl/osw10.nsf/0/5D9614F628C26670C1258A6000300CB5/%24File/OSW10P_201.pdf
202,https://orka.sejm.gov.pl/osw10.nsf/0/B141E56845DBB45CC1258A63004F8919/%24File/OSW10P_202.pdf
203,https://orka.sejm.gov.pl/osw10.nsf/0/89D22BBF8D00B84CC1258A530061320B/%24File/OSW10P_203.pdf
204,https://orka.sejm.gov.pl/osw10.nsf/0/C56AA3FEEB8292D3C1258A58002D0D62/%24File/OSW10P_204.pdf
205,https://orka.sejm.gov.pl/osw10.nsf/0/FA8A4361BA37E15EC1258A5F00577E4C/%24File/OSW10P_205.pdf
206,https://orka.sejm.gov.pl/osw10.nsf/0/17CD5FF3E9A8EDE5C1258A530061F952/%24File/OSW10P_206.pdf
207,https://orka.sejm.gov.pl/osw10.nsf/0/6D8F686A90A00D68C1258A6000535495/%24File/OSW10P_207.pdf
208,https://orka.sejm.gov.pl/osw10.nsf/0/2BB1598064B2A2C6C1258A580043C4D9/%24File/OSW10P_208.pdf
209,https://orka.sejm.gov.pl/osw10.nsf/0/A947767D5130C613C1258A61004B35F6/%24File/OSW10P_209.pdf
210,https://orka.sejm.gov.pl/osw10.nsf/0/3A0977362B31F6B5C1258A660035AEC2/%24File/OSW10P_210.pdf
211,https://orka.sejm.gov.pl/osw10.nsf/0/D019B2FBAB70035DC1258A6200568209/%24File/OSW10P_211.pdf
212,https://orka.sejm.gov.pl/osw10.nsf/0/468EE917AD2962D3C1258A5F0057AE47/%24File/OSW10P_212.pdf
213,https://orka.sejm.gov.pl/osw10.nsf/0/20B908C2E7D4CF8CC1258A6600311555/%24File/OSW10P_213.pdf
214,https://orka.sejm.gov.pl/osw10.nsf/0/CEFF3F57EAA450BEC1258A65006C1488/%24File/OSW10P_214.pdf
215,https://orka.sejm.gov.pl/osw10.nsf/0/AC446E5831AFE3ADC1258A660030AE74/%24File/OSW10P_215.pdf
216,https://orka.sejm.gov.pl/osw10.nsf/0/702B6DAE37779774C1258A61003BFD3C/%24File/OSW10P_216.pdf
217,https://orka.sejm.gov.pl/osw10.nsf/0/4DFA39F220C5A9D8C1258A62005AE39A/%24File/OSW10P_217.pdf
218,https://orka.sejm.gov.pl/osw10.nsf/0/B4C0D787079CB5ACC1258A62005691E0/%24File/OSW10P_218.pdf
219,https://orka.sejm.gov.pl/osw10.nsf/0/348D18D20133F952C1258A6500618897/%24File/OSW10P_219.pdf
220,https://orka.sejm.gov.pl/osw10.nsf/0/69DD10B7AC2B3F79C1258A67003A9BE6/%24File/OSW10P_220.pdf
221,https://orka.sejm.gov.pl/osw10.nsf/0/6DC34EF3A5A91981C1258A610047C0F8/%24File/OSW10P_221.pdf
222,https://orka.sejm.gov.pl/osw10.nsf/0/8BB7B8D7F84D32B6C1258A5300616041/%24File/OSW10P_222.pdf
223,https://orka.sejm.gov.pl/osw10.nsf/0/01DCCEB22C248EC8C1258A660035D2CA/%24File/OSW10P_223.pdf
224,https://orka.sejm.gov.pl/osw10.nsf/0/635DAF4E78D56EACC1258A6600338A2A/%24File/OSW10P_224.pdf
225,https://orka.sejm.gov.pl/osw10.nsf/0/61ABDBA1ECC7EB0DC1258A530057174A/%24File/OSW10P_225.pdf
226,https://orka.sejm.gov.pl/osw10.nsf/0/90BAD35DD2BECF5FC1258A62005982AF/%24File/OSW10P_226.pdf
227,https://orka.sejm.gov.pl/osw10.nsf/0/C508C19CA3E1AD0FC1258A5C003F3814/%24File/OSW10P_227.pdf
228,https://orka.sejm.gov.pl/osw10.nsf/0/B46DBC7314EAD318C1258A65006164A6/%24File/OSW10P_228.pdf
229,https://orka.sejm.gov.pl/osw10.nsf/0/80FF4B745DC9B3ECC1258A61004C30A3/%24File/OSW10P_229.pdf
230,https://orka.sejm.gov.pl/osw10.nsf/0/47FE3B05ECA370A5C1258A630056364C/%24File/OSW10P_230.pdf
231,https://orka.sejm.gov.pl/osw10.nsf/0/D87BFC17924EE148C1258A63002682FA/%24File/OSW10P_231.pdf
232,https://orka.sejm.gov.pl/osw10.nsf/0/493C650F6A840C38C1258A600053426A/%24File/OSW10P_232.pdf
233,https://orka.sejm.gov.pl/osw10.nsf/0/0A08A921F2718461C1258A5300631561/%24File/OSW10P_233.pdf
234,https://orka.sejm.gov.pl/osw10.nsf/0/D7C8E474FEAF4852C1258A6600520248/%24File/OSW10P_234.pdf
235,https://orka.sejm.gov.pl/osw10.nsf/0/C5C4337E88DEDB91C1258A5F00581D7D/%24File/OSW10P_235.pdf
236,https://orka.sejm.gov.pl/osw10.nsf/0/E459A3982E9F468AC1258A5B003D4E30/%24File/OSW10P_236.pdf
237,https://orka.sejm.gov.pl/osw10.nsf/0/483DEEC699480381C1258A66005A9F38/%24File/OSW10P_237.pdf
238,https://orka.sejm.gov.pl/osw10.nsf/0/76CE234010455AC0C1258A66002B56F1/%24File/OSW10P_238.pdf
239,https://orka.sejm.gov.pl/osw10.nsf/0/A60FCBBAA4F9D2A6C1258A61004AC25A/%24File/OSW10P_239.pdf
240,https://orka.sejm.gov.pl/osw10.nsf/0/8D85D42A580A46A2C1258A6600421BCA/%24File/OSW10P_240.pdf
241,https://orka.sejm.gov.pl/osw10.nsf/0/5B6B1C78DBEB6DA5C1258A59003F39B7/%24File/OSW10P_241.pdf
242,https://orka.sejm.gov.pl/osw10.nsf/0/570E907E46E558D5C1258A62005958A4/%24File/OSW10P_242.pdf
243,https://orka.sejm.gov.pl/osw10.nsf/0/04E0C1EF68DA8067C1258A65006BDBB2/%24File/OSW10P_243.pdf
244,https://orka.sejm.gov.pl/osw10.nsf/0/0A773858C6043C61C1258A6500622BC2/%24File/OSW10P_244.pdf
245,https://orka.sejm.gov.pl/osw10.nsf/0/617937DE67694A2FC1258A65006E48B7/%24File/OSW10P_245.pdf
246,https://orka.sejm.gov.pl/osw10.nsf/0/70F3A9D57E716C6AC1258A660065BEFE/%24File/OSW10P_246.pdf
247,https://orka.sejm.gov.pl/osw10.nsf/0/66BCE22168200947C1258A630057424D/%24File/OSW10P_247.pdf
248,https://orka.sejm.gov.pl/osw10.nsf/0/367B846239AB8715C1258A58002E88DF/%24File/OSW10P_248.pdf
249,https://orka.sejm.gov.pl/osw10.nsf/0/F3D2B30F90DABBB2C1258A66003770E5/%24File/OSW10P_249.pdf
250,https://orka.sejm.gov.pl/osw10.nsf/0/26E025CF536B8872C1258A6000538BA0/%24File/OSW10P_250.pdf
251,https://orka.sejm.gov.pl/osw10.nsf/0/8DE260DABA791045C1258A5300596AD6/%24File/OSW10P_251.pdf
252,https://orka.sejm.gov.pl/osw10.nsf/0/E23EEEDDAAE99FC8C1258A620056A235/%24File/OSW10P_252.pdf
253,https://orka.sejm.gov.pl/osw10.nsf/0/57BA637273274C4FC1258A550048D278/%24File/OSW10P_253.pdf
254,https://orka.sejm.gov.pl/osw10.nsf/0/CCE1BBFBED1C53B7C1258A600036E69F/%24File/OSW10P_254.pdf
255,https://orka.sejm.gov.pl/osw10.nsf/0/BB8DF1C216AADF8AC1258A6200581B66/%24File/OSW10P_255.pdf
256,https://orka.sejm.gov.pl/osw10.nsf/0/0D3F2EA9FF353F06C1258A610047F3A0/%24File/OSW10P_256.pdf
257,https://orka.sejm.gov.pl/osw10.nsf/0/C3B5CFB5AFF97AE9C1258A5C003A36B3/%24File/OSW10P_257.pdf
258,https://orka.sejm.gov.pl/osw10.nsf/0/E2E062A66267ED4EC1258A620056141E/%24File/OSW10P_258.pdf
259,https://orka.sejm.gov.pl/osw10.nsf/0/0CEBF8681F877BFFC1258A650068CE49/%24File/OSW10P_259.pdf
260,https://orka.sejm.gov.pl/osw10.nsf/0/165E861C4C024DBBC1258A540053A836/%24File/OSW10P_260.pdf
261,https://orka.sejm.gov.pl/osw10.nsf/0/9D9EDC0118CCE22BC1258A66003C4D05/%24File/OSW10P_261.pdf
262,https://orka.sejm.gov.pl/osw10.nsf/0/4D13E624F981D160C1258A61004C47F5/%24File/OSW10P_262.pdf
263,https://orka.sejm.gov.pl/osw10.nsf/0/0B80FC52298A2AF6C1258A620056C161/%24File/OSW10P_263.pdf
264,https://orka.sejm.gov.pl/osw10.nsf/0/F9EFAC9F8C334ED2C1258A65006C0936/%24File/OSW10P_264.pdf
265,https://orka.sejm.gov.pl/osw10.nsf/0/204AC59B92CF16F2C1258A6300578303/%24File/OSW10P_265.pdf
266,https://orka.sejm.gov.pl/osw10.nsf/0/9474BB991F41428DC1258A590030FB85/%24File/OSW10P_266.pdf
267,https://orka.sejm.gov.pl/osw10.nsf/0/99C0CF38BFA1F26EC1258A660053F6F2/%24File/OSW10P_267.pdf
268,https://orka.sejm.gov.pl/osw10.nsf/0/9F20B93D1DD71BB2C1258A65006E1D16/%24File/OSW10P_268.pdf
269,https://orka.sejm.gov.pl/osw10.nsf/0/9314D82446D909DAC1258A60005409BF/%24File/OSW10P_269.pdf
270,https://orka.sejm.gov.pl/osw10.nsf/0/46BC42FAE824AAD7C1258A65006E42FD/%24File/OSW10P_270.pdf
271,https://orka.sejm.gov.pl/osw10.nsf/0/6BE3063684BD155BC1258A65006D8B7A/%24File/OSW10P_271.pdf
272,https://orka.sejm.gov.pl/osw10.nsf/0/513D84B37D41CC92C1258A580043A977/%24File/OSW10P_272.pdf
273,https://orka.sejm.gov.pl/osw10.nsf/0/043D7EAEDC743C4EC1258A66003BF24C/%24File/OSW10P_273.pdf
274,https://orka.sejm.gov.pl/osw10.nsf/0/20E569AD9BC1B09EC1258A620055C049/%24File/OSW10P_274.pdf
275,https://orka.sejm.gov.pl/osw10.nsf/0/AB753B4FD2F2AF3FC1258A630055CB9D/%24File/OSW10P_275.pdf
276,https://orka.sejm.gov.pl/osw10.nsf/0/52B4243192B11207C1258A5400521A78/%24File/OSW10P_276.pdf
277,https://orka.sejm.gov.pl/osw10.nsf/0/4910744A1CDC4A51C1258A53006379D7/%24File/OSW10P_277.pdf
278,https://orka.sejm.gov.pl/osw10.nsf/0/1CB63E992B8A1EF4C1258A540053D388/%24File/OSW10P_278.pdf
279,https://orka.sejm.gov.pl/osw10.nsf/0/EE4340472531824EC1258A63005663E4/%24File/OSW10P_279.pdf
280,https://orka.sejm.gov.pl/osw10.nsf/0/A5E10214CDC473ADC1258A5F00589C38/%24File/OSW10P_280.pdf
281,https://orka.sejm.gov.pl/osw10.nsf/0/3A1BF08EB435D469C1258A67003AC628/%24File/OSW10P_281.pdf
282,https://orka.sejm.gov.pl/osw10.nsf/0/2710F921639790FAC1258A66002DD798/%24File/OSW10P_282.pdf
283,https://orka.sejm.gov.pl/osw10.nsf/0/6B197FACA193E893C1258A66002DDB93/%24File/OSW10P_283.pdf
284,https://orka.sejm.gov.pl/osw10.nsf/0/FF1BC790E180011FC1258A6000541FC3/%24File/OSW10P_284.pdf
285,https://orka.sejm.gov.pl/osw10.nsf/0/3A155BA78A34D267C1258A65006378EF/%24File/OSW10P_285.pdf
286,https://orka.sejm.gov.pl/osw10.nsf/0/4328FE6690E8E28CC1258A6500619254/%24File/OSW10P_286.pdf
287,https://orka.sejm.gov.pl/osw10.nsf/0/CDC9F4FC5F61A859C1258A5400520886/%24File/OSW10P_287.pdf
288,https://orka.sejm.gov.pl/osw10.nsf/0/9C11671C456ED023C1258A5F00584BC5/%24File/OSW10P_288.pdf
289,https://orka.sejm.gov.pl/osw10.nsf/0/D8E40DB1A38C8836C1258A620049FCCE/%24File/OSW10P_289.pdf
290,https://orka.sejm.gov.pl/osw10.nsf/0/6FAE5C74146D4FCBC1258A630053A193/%24File/OSW10P_290.pdf
291,https://orka.sejm.gov.pl/osw10.nsf/0/707672C1E7257632C1258A65006CB63C/%24File/OSW10P_291.pdf
292,https://orka.sejm.gov.pl/osw10.nsf/0/7EBCB6F5679A1856C1258A630056C500/%24File/OSW10P_292.pdf
293,https://orka.sejm.gov.pl/osw10.nsf/0/CD5ABFF3174BC11AC1258A54004F86D8/%24File/OSW10P_293.pdf
294,https://orka.sejm.gov.pl/osw10.nsf/0/A6869BD6D0947382C1258A530061780C/%24File/OSW10P_294.pdf
295,https://orka.sejm.gov.pl/osw10.nsf/0/14744F3403934DEFC1258A5C00364439/%24File/OSW10P_295.pdf
296,https://orka.sejm.gov.pl/osw10.nsf/0/9C5C75470B1989D7C1258A6500637016/%24File/OSW10P_296.pdf
297,https://orka.sejm.gov.pl/osw10.nsf/0/3B5924328D99E8B8C1258A6600685BFE/%24File/OSW10P_297.pdf
298,https://orka.sejm.gov.pl/osw10.nsf/0/7F878536492F4383C1258A530059B7A2/%24File/OSW10P_298.pdf
299,https://orka.sejm.gov.pl/osw10.nsf/0/F5C853A5B71C3EAAC1258A5F0059A3D0/%24File/OSW10P_299.pdf
300,https://orka.sejm.gov.pl/osw10.nsf/0/AF4EA6C7E8578494C1258A530064BABF/%24File/OSW10P_300.pdf
301,https://orka.sejm.gov.pl/osw10.nsf/0/6AEEC048A1B23570C1258A66005B216F/%24File/OSW10P_301.pdf
302,https://orka.sejm.gov.pl/osw10.nsf/0/0021DE8A6BD28121C1258A620056D017/%24File/OSW10P_302.pdf
303,https://orka.sejm.gov.pl/osw10.nsf/0/F4FEFB44D3234016C1258A65006DA42D/%24File/OSW10P_303.pdf
304,https://orka.sejm.gov.pl/osw10.nsf/0/6AD99A992417E1B6C1258A540054AD2C/%24File/OSW10P_304.pdf
305,https://orka.sejm.gov.pl/osw10.nsf/0/11D62119E2DCF6C7C1258A660034DB98/%24File/OSW10P_305.pdf
306,https://orka.sejm.gov.pl/osw10.nsf/0/7E55098B58B306E7C1258A630052DD86/%24File/OSW10P_306.pdf
307,https://orka.sejm.gov.pl/osw10.nsf/0/6FFD5DE4186CE461C1258A5300650946/%24File/OSW10P_307.pdf
308,https://orka.sejm.gov.pl/osw10.nsf/0/976EEACE45686C7EC1258A65006CC37B/%24File/OSW10P_308.pdf
309,https://orka.sejm.gov.pl/osw10.nsf/0/D23C21039CACFC9AC1258A620055A239/%24File/OSW10P_309.pdf
310,https://orka.sejm.gov.pl/osw10.nsf/0/8A668A0918EE0B88C1258A66004CB990/%24File/OSW10P_310.pdf
311,https://orka.sejm.gov.pl/osw10.nsf/0/DC98654DFCA3D5E6C1258A5300638EAB/%24File/OSW10P_311.pdf
312,https://orka.sejm.gov.pl/osw10.nsf/0/A1A66093A62D715AC1258A63005705D8/%24File/OSW10P_312.pdf
313,https://orka.sejm.gov.pl/osw10.nsf/0/617B470A4BC41872C1258A62004D9284/%24File/OSW10P_313.pdf
314,https://orka.sejm.gov.pl/osw10.nsf/0/7C2168C37F7BFE39C1258A54005624D2/%24File/OSW10P_314.pdf
315,https://orka.sejm.gov.pl/osw10.nsf/0/860B35C9AEC53A37C1258A55002E3535/%24File/OSW10P_315.pdf
316,https://orka.sejm.gov.pl/osw10.nsf/0/F19A98E03FC83615C1258A61003C1B2D/%24File/OSW10P_316.pdf
317,https://orka.sejm.gov.pl/osw10.nsf/0/695A11B4E0C33C95C1258A5400564BB5/%24File/OSW10P_317.pdf
318,https://orka.sejm.gov.pl/osw10.nsf/0/8935D63592C9BED7C1258A66005AC3AC/%24File/OSW10P_318.pdf
319,https://orka.sejm.gov.pl/osw10.nsf/0/C7ED97E38B6A1063C1258A530057E15E/%24File/OSW10P_319.pdf
320,https://orka.sejm.gov.pl/osw10.nsf/0/088EFF6729CC5AECC1258A65005BF934/%24File/OSW10P_320.pdf
321,https://orka.sejm.gov.pl/osw10.nsf/0/C1163070A523D839C1258A66003C39AA/%24File/OSW10P_321.pdf
322,https://orka.sejm.gov.pl/osw10.nsf/0/54513CBB5D11352DC1258A59003683F7/%24File/OSW10P_322.pdf
323,https://orka.sejm.gov.pl/osw10.nsf/0/209A1839E5BAFDF7C1258A65006CD9FA/%24File/OSW10P_323.pdf
324,https://orka.sejm.gov.pl/osw10.nsf/0/1B83D9DEA6FF19DDC1258A540055DA93/%24File/OSW10P_324.pdf
325,https://orka.sejm.gov.pl/osw10.nsf/0/0FB0BB8063555833C1258A63005228CD/%24File/OSW10P_325.pdf
326,https://orka.sejm.gov.pl/osw10.nsf/0/3BB043842E739B98C1258A62005639EF/%24File/OSW10P_326.pdf
327,https://orka.sejm.gov.pl/osw10.nsf/0/CF071A0A515C6158C1258A65006BCE56/%24File/OSW10P_327.pdf
328,https://orka.sejm.gov.pl/osw10.nsf/0/4E251E66DFA94FC1C1258A55004B558C/%24File/OSW10P_328.pdf
329,https://orka.sejm.gov.pl/osw10.nsf/0/AD44782835D82F24C1258A53005767F6/%24File/OSW10P_329.pdf
330,https://orka.sejm.gov.pl/osw10.nsf/0/46C505C1018C85F6C1258A620046E9DF/%24File/OSW10P_330.pdf
331,https://orka.sejm.gov.pl/osw10.nsf/0/DF093F4066BE4FBEC1258A530057FEEC/%24File/OSW10P_331.pdf
332,https://orka.sejm.gov.pl/osw10.nsf/0/3E9965ADE4AC8579C1258A53005A101B/%24File/OSW10P_332.pdf
333,https://orka.sejm.gov.pl/osw10.nsf/0/CE9D5CC13441A8D9C1258A61003BD7B0/%24File/OSW10P_333.pdf
334,https://orka.sejm.gov.pl/osw10.nsf/0/80543B975E9FC1D3C1258A54004F6A96/%24File/OSW10P_334.pdf
335,https://orka.sejm.gov.pl/osw10.nsf/0/8D0EE835E018F973C1258A6300565164/%24File/OSW10P_335.pdf
336,https://orka.sejm.gov.pl/osw10.nsf/0/9A5AB8E1E165DB16C1258A65006CA078/%24File/OSW10P_336.pdf
337,https://orka.sejm.gov.pl/osw10.nsf/0/0E236AA2F8718062C1258A6200594473/%24File/OSW10P_337.pdf
338,https://orka.sejm.gov.pl/osw10.nsf/0/25AFFF835CC7E0DFC1258A600052DA71/%24File/OSW10P_338.pdf
339,https://orka.sejm.gov.pl/osw10.nsf/0/B5290705EC52315BC1258A6500619F93/%24File/OSW10P_339.pdf
340,https://orka.sejm.gov.pl/osw10.nsf/0/0A0972954DD5CB0EC1258A66005A8B68/%24File/OSW10P_340.pdf
341,https://orka.sejm.gov.pl/osw10.nsf/0/0283AF2A4759A7D8C1258A6300571400/%24File/OSW10P_341.pdf
342,https://orka.sejm.gov.pl/osw10.nsf/0/1AF43B5DF99442B9C1258A61004B92A8/%24File/OSW10P_342.pdf
343,https://orka.sejm.gov.pl/osw10.nsf/0/CFD20681DE5538C0C1258A5F00572451/%24File/OSW10P_343.pdf
344,https://orka.sejm.gov.pl/osw10.nsf/0/CA6C3392F8A52B4CC1258A5B00406272/%24File/OSW10P_344.pdf
345,https://orka.sejm.gov.pl/osw10.nsf/0/92E10AD12E0AEF40C1258A65006CE809/%24File/OSW10P_345.pdf
346,https://orka.sejm.gov.pl/osw10.nsf/0/D85F2FB9E9DF0A37C1258A630057C2F8/%24File/OSW10P_346.pdf
347,https://orka.sejm.gov.pl/osw10.nsf/0/C6C62A26DD50F2FEC1258A650061DC07/%24File/OSW10P_347.pdf
348,https://orka.sejm.gov.pl/osw10.nsf/0/DB5E988B75E0B6EEC1258A65006473EB/%24File/OSW10P_348.pdf
349,https://orka.sejm.gov.pl/osw10.nsf/0/D7E48220D7BA227CC1258A66005DF8EC/%24File/OSW10P_349.pdf
350,https://orka.sejm.gov.pl/osw10.nsf/0/09CC35AE47A2996CC1258A53005478EC/%24File/OSW10P_350.pdf
351,https://orka.sejm.gov.pl/osw10.nsf/0/477C526E51EC26B8C1258A540051DA09/%24File/OSW10P_351.pdf
352,https://orka.sejm.gov.pl/osw10.nsf/0/40DF2A82A0F1696EC1258A65006722BE/%24File/OSW10P_352.pdf
353,https://orka.sejm.gov.pl/osw10.nsf/0/52E958260DD9DCAFC1258A660031259C/%24File/OSW10P_353.pdf
354,https://orka.sejm.gov.pl/osw10.nsf/0/6E439C5EC9717772C1258A620056E01B/%24File/OSW10P_354.pdf
355,https://orka.sejm.gov.pl/osw10.nsf/0/9263739AA0B77F12C1258A5400563A59/%24File/OSW10P_355.pdf
356,https://orka.sejm.gov.pl/osw10.nsf/0/91DA952516B10B22C1258A5B003C2F31/%24File/OSW10P_356.pdf
357,https://orka.sejm.gov.pl/osw10.nsf/0/DC1A96E95CD81529C1258A660051AF73/%24File/OSW10P_357.pdf
358,https://orka.sejm.gov.pl/osw10.nsf/0/CDE4A37660110B43C1258A650066F893/%24File/OSW10P_358.pdf
359,https://orka.sejm.gov.pl/osw10.nsf/0/E372D38944152F44C1258A66002CE237/%24File/OSW10P_359.pdf
360,https://orka.sejm.gov.pl/osw10.nsf/0/D57F97BBB9D63BE5C1258A66006250B2/%24File/OSW10P_360.pdf
361,https://orka.sejm.gov.pl/osw10.nsf/0/8E9DC8DFA7CF72FBC1258A5300635DDD/%24File/OSW10P_361.pdf
362,https://orka.sejm.gov.pl/osw10.nsf/0/EF53931EF94A4DBCC1258A5F0057B90B/%24File/OSW10P_362.pdf
363,https://orka.sejm.gov.pl/osw10.nsf/0/2738AA14DBD3AEF7C1258A65006D0AC6/%24File/OSW10P_363.pdf
364,https://orka.sejm.gov.pl/osw10.nsf/0/FC90A9AC43804B6BC1258A5300598DEA/%24File/OSW10P_364.pdf
365,https://orka.sejm.gov.pl/osw10.nsf/0/61283398860CE99BC1258A660038CF26/%24File/OSW10P_365.pdf
366,https://orka.sejm.gov.pl/osw10.nsf/0/E0348E98BECD0E00C1258A610050921A/%24File/OSW10P_366.pdf
367,https://orka.sejm.gov.pl/osw10.nsf/0/27785C590001BC2AC1258A5F0056B223/%24File/OSW10P_367.pdf
368,https://orka.sejm.gov.pl/osw10.nsf/0/7174A13E290DD32CC1258A660035987D/%24File/OSW10P_368.pdf
369,https://orka.sejm.gov.pl/osw10.nsf/0/4D25D657C7EA6C6DC1258A5C0038776A/%24File/OSW10P_369.pdf
370,https://orka.sejm.gov.pl/osw10.nsf/0/0FFC8292FC703BBFC1258A59005244D0/%24File/OSW10P_370.pdf
371,https://orka.sejm.gov.pl/osw10.nsf/0/877AA4634081CC59C1258A59003508AE/%24File/OSW10P_371.pdf
372,https://orka.sejm.gov.pl/osw10.nsf/0/6FAC042277CB7728C1258A63005C3A78/%24File/OSW10P_372.pdf
373,https://orka.sejm.gov.pl/osw10.nsf/0/047E4FAB3092E76DC1258A5900432378/%24File/OSW10P_373.pdf
374,https://orka.sejm.gov.pl/osw10.nsf/0/C3C02D667D755C35C1258A650061C34D/%24File/OSW10P_374.pdf
375,https://orka.sejm.gov.pl/osw10.nsf/0/EA735818BF591A94C1258A540055B8F5/%24File/OSW10P_375.pdf
376,https://orka.sejm.gov.pl/osw10.nsf/0/BBC109D32D60DE95C1258A65006198AD/%24File/OSW10P_376.pdf
377,https://orka.sejm.gov.pl/osw10.nsf/0/1B3FB451FC190EA0C1258A630057A940/%24File/OSW10P_377.pdf
378,https://orka.sejm.gov.pl/osw10.nsf/0/E094F22052FD9F96C1258A6600306056/%24File/OSW10P_378.pdf
379,https://orka.sejm.gov.pl/osw10.nsf/0/C8522B3D6E2D941FC1258A65006BDFF3/%24File/OSW10P_379.pdf
380,https://orka.sejm.gov.pl/osw10.nsf/0/08F075AAF8D88982C1258A65006CD6F6/%24File/OSW10P_380.pdf
381,https://orka.sejm.gov.pl/osw10.nsf/0/7A9D0832297B602FC1258A65006E0AB7/%24File/OSW10P_381.pdf
382,https://orka.sejm.gov.pl/osw10.nsf/0/CEFFEFCF0756922BC1258A650064AF5D/%24File/OSW10P_382.pdf
383,https://orka.sejm.gov.pl/osw10.nsf/0/BFC9DEAB865AB7B9C1258A580043E2CD/%24File/OSW10P_383.pdf
384,https://orka.sejm.gov.pl/osw10.nsf/0/A3F37F1A8854FB5DC1258A5300577DEE/%24File/OSW10P_384.pdf
385,https://orka.sejm.gov.pl/osw10.nsf/0/9417EC1536C6D21CC1258A5400553B38/%24File/OSW10P_385.pdf
386,https://orka.sejm.gov.pl/osw10.nsf/0/3A3F72A655ABEC64C1258A62003620D9/%24File/OSW10P_386.pdf
387,https://orka.sejm.gov.pl/osw10.nsf/0/96827222A5630D39C1258A660050A653/%24File/OSW10P_387.pdf
388,https://orka.sejm.gov.pl/osw10.nsf/0/287C428CA1FE911BC1258A610030EF23/%24File/OSW10P_388.pdf
389,https://orka.sejm.gov.pl/osw10.nsf/0/A2EF555AD38C9102C1258A55003287C8/%24File/OSW10P_389.pdf
390,https://orka.sejm.gov.pl/osw10.nsf/0/CAA307D78E50F533C1258A660031661B/%24File/OSW10P_390.pdf
391,https://orka.sejm.gov.pl/osw10.nsf/0/F05A51C71CC66547C1258A6100505ADB/%24File/OSW10P_391.pdf
392,https://orka.sejm.gov.pl/osw10.nsf/0/F301E144FCB77DDCC1258A600052F194/%24File/OSW10P_392.pdf
393,https://orka.sejm.gov.pl/osw10.nsf/0/82B6379FA8601078C1258A6500643051/%24File/OSW10P_393.pdf
394,https://orka.sejm.gov.pl/osw10.nsf/0/90CC7329A001AFFAC1258A5F005CF5C7/%24File/OSW10P_394.pdf
395,https://orka.sejm.gov.pl/osw10.nsf/0/175845E32E50CD0AC1258A600054329F/%24File/OSW10P_395.pdf
396,https://orka.sejm.gov.pl/osw10.nsf/0/D1C7DFE2DF6D4D4EC1258A6300575158/%24File/OSW10P_396.pdf
397,https://orka.sejm.gov.pl/osw10.nsf/0/8C07FCF4E856D439C1258A65006314A9/%24File/OSW10P_397.pdf
398,https://orka.sejm.gov.pl/osw10.nsf/0/322F1E6982514AB8C1258A5F00597B95/%24File/OSW10P_398.pdf
399,https://orka.sejm.gov.pl/osw10.nsf/0/9DB9F91081293F07C1258A650065FEA2/%24File/OSW10P_399.pdf
400,https://orka.sejm.gov.pl/osw10.nsf/0/A3C79FA0408BB7DBC1258A630056876A/%24File/OSW10P_400.pdf
401,https://orka.sejm.gov.pl/osw10.nsf/0/D8E39A662923E41CC1258A65006059A5/%24File/OSW10P_401.pdf
402,https://orka.sejm.gov.pl/osw10.nsf/0/159F6D58EFCB3B09C1258A66005AE5B5/%24File/OSW10P_402.pdf
403,https://orka.sejm.gov.pl/osw10.nsf/0/508C92FE36530E6BC1258A66005AB2B3/%24File/OSW10P_403.pdf
404,https://orka.sejm.gov.pl/osw10.nsf/0/8416CF737DFC0440C1258A65006DE340/%24File/OSW10P_404.pdf
405,https://orka.sejm.gov.pl/osw10.nsf/0/8D140EE2831C6266C1258A630056F00B/%24File/OSW10P_405.pdf
406,https://orka.sejm.gov.pl/osw10.nsf/0/FD1C91499F9947A1C1258A540055C748/%24File/OSW10P_406.pdf
407,https://orka.sejm.gov.pl/osw10.nsf/0/29714A80EE0A059CC1258A6200509E6F/%24File/OSW10P_407.pdf
408,https://orka.sejm.gov.pl/osw10.nsf/0/897B43511C5FFC5EC1258A620050ADE6/%24File/OSW10P_408.pdf
409,https://orka.sejm.gov.pl/osw10.nsf/0/0A75B68F3200924BC1258A65006DB6D4/%24File/OSW10P_409.pdf
410,https://orka.sejm.gov.pl/osw10.nsf/0/775F7B58DFBABB54C1258A5F00580DC3/%24File/OSW10P_410.pdf
411,https://orka.sejm.gov.pl/osw10.nsf/0/BA39FE8D07CB55E6C1258A530062A3E6/%24File/OSW10P_411.pdf
412,https://orka.sejm.gov.pl/osw10.nsf/0/C4B77BA79258F065C1258A650063869C/%24File/OSW10P_412.pdf
413,https://orka.sejm.gov.pl/osw10.nsf/0/C05F1C47E1E9F1B5C1258A6200560221/%24File/OSW10P_413.pdf
414,https://orka.sejm.gov.pl/osw10.nsf/0/25909154BC2EB30FC1258A650068F1E2/%24File/OSW10P_414.pdf
415,https://orka.sejm.gov.pl/osw10.nsf/0/92FA950ADD089ECAC1258A630056E3DE/%24File/OSW10P_415.pdf
416,https://orka.sejm.gov.pl/osw10.nsf/0/07BFE2F6ED99164DC1258A6300573377/%24File/OSW10P_416.pdf
417,https://orka.sejm.gov.pl/osw10.nsf/0/2AEE3AB7779096EEC1258A530062D7E9/%24File/OSW10P_417.pdf
418,https://orka.sejm.gov.pl/osw10.nsf/0/57931F40DEC8BDB8C1258A60004ED299/%24File/OSW10P_418.pdf
419,https://orka.sejm.gov.pl/osw10.nsf/0/04CA17561E1B08D7C1258A6600310410/%24File/OSW10P_419.pdf
420,https://orka.sejm.gov.pl/osw10.nsf/0/4F57C4F2C4E8D35CC1258A5F0059C51B/%24File/OSW10P_420.pdf
421,https://orka.sejm.gov.pl/osw10.nsf/0/D1742CAA80082DA8C1258A66003E2132/%24File/OSW10P_421.pdf
422,https://orka.sejm.gov.pl/osw10.nsf/0/26A18A4C3E55B021C1258A6500719511/%24File/OSW10P_422.pdf
423,https://orka.sejm.gov.pl/osw10.nsf/0/0B0875C6E2FE01CAC1258A5300634591/%24File/OSW10P_423.pdf
424,https://orka.sejm.gov.pl/osw10.nsf/0/DD1290CD71EDB3CDC1258A660039DE2B/%24File/OSW10P_424.pdf
425,https://orka.sejm.gov.pl/osw10.nsf/0/B59C423E12CC18F9C1258A59004DD016/%24File/OSW10P_425.pdf
426,https://orka.sejm.gov.pl/osw10.nsf/0/D1194F66CB2F2AFFC1258A630053DF8C/%24File/OSW10P_426.pdf
427,https://orka.sejm.gov.pl/osw10.nsf/0/9E56702C77EB17EFC1258A5F0057CFC3/%24File/OSW10P_427.pdf
428,https://orka.sejm.gov.pl/osw10.nsf/0/823C80DD643887FBC1258A6200580C7D/%24File/OSW10P_428.pdf
429,https://orka.sejm.gov.pl/osw10.nsf/0/7E34C4819127CD0AC1258A6300579D83/%24File/OSW10P_429.pdf
430,https://orka.sejm.gov.pl/osw10.nsf/0/F49941D6A4EC82C1C1258A540051EF96/%24File/OSW10P_430.pdf
431,https://orka.sejm.gov.pl/osw10.nsf/0/0A1E258B6A28F305C1258A54004E6886/%24File/OSW10P_431.pdf
432,https://orka.sejm.gov.pl/osw10.nsf/0/24BDEBB3C8C60B11C1258A66002F7777/%24File/OSW10P_432.pdf
433,https://orka.sejm.gov.pl/osw10.nsf/0/8D07FE1DE5F88558C1258A5F0058AF2F/%24File/OSW10P_433.pdf
434,https://orka.sejm.gov.pl/osw10.nsf/0/D560F10382EC3079C1258A59003BFA88/%24File/OSW10P_434.pdf
435,https://orka.sejm.gov.pl/osw10.nsf/0/ECABAC5060661F3DC1258A66003B4233/%24File/OSW10P_435.pdf
436,https://orka.sejm.gov.pl/osw10.nsf/0/12079994817FD229C1258A630057239A/%24File/OSW10P_436.pdf
437,https://orka.sejm.gov.pl/osw10.nsf/0/24ECBA62FB8B078AC1258A5C004BCBF3/%24File/OSW10P_437.pdf
438,https://orka.sejm.gov.pl/osw10.nsf/0/20F393D8733BED47C1258A66004C682B/%24File/OSW10P_438.pdf
439,https://orka.sejm.gov.pl/osw10.nsf/0/804984C5186F8F96C1258A5500253360/%24File/OSW10P_439.pdf
440,https://orka.sejm.gov.pl/osw10.nsf/0/C3A155F30D87C7B7C1258A660029CA7F/%24File/OSW10P_440.pdf
441,https://orka.sejm.gov.pl/osw10.nsf/0/57987255145C020EC1258A63005090C5/%24File/OSW10P_441.pdf
442,https://orka.sejm.gov.pl/osw10.nsf/0/7BD30782FE486511C1258A6600383B53/%24File/OSW10P_442.pdf
443,https://orka.sejm.gov.pl/osw10.nsf/0/4A29D692CA9E94EAC1258A650061A8E3/%24File/OSW10P_443.pdf
444,https://orka.sejm.gov.pl/osw10.nsf/0/9690E61A52D2CBD2C1258A53006107F2/%24File/OSW10P_444.pdf
445,https://orka.sejm.gov.pl/osw10.nsf/0/2944B628F4B1223FC1258A65006E2D6D/%24File/OSW10P_445.pdf
446,https://orka.sejm.gov.pl/osw10.nsf/0/695FDCC3B2DE6CD5C1258A5F00588B1D/%24File/OSW10P_446.pdf
447,https://orka.sejm.gov.pl/osw10.nsf/0/255C474987B8D74EC1258A6500718FB8/%24File/OSW10P_447.pdf
448,https://orka.sejm.gov.pl/osw10.nsf/0/3312471BAB98B527C1258A65006DCE87/%24File/OSW10P_448.pdf
449,https://orka.sejm.gov.pl/osw10.nsf/0/495D766C6E7C830FC1258A5400544F0A/%24File/OSW10P_449.pdf
450,https://orka.sejm.gov.pl/osw10.nsf/0/614CDBDF278D6961C1258A620058F093/%24File/OSW10P_450.pdf
451,https://orka.sejm.gov.pl/osw10.nsf/0/65A0855FBB876A9DC1258A660035EE37/%24File/OSW10P_451.pdf
452,https://orka.sejm.gov.pl/osw10.nsf/0/9225FD61AA267022C1258A5F0057E9C2/%24File/OSW10P_452.pdf
453,https://orka.sejm.gov.pl/osw10.nsf/0/F10CD6FF6EFA0C16C1258A54004EB788/%24File/OSW10P_453.pdf
454,https://orka.sejm.gov.pl/osw10.nsf/0/D03807FA9B4CE070C1258A5400556223/%24File/OSW10P_454.pdf
455,https://orka.sejm.gov.pl/osw10.nsf/0/163E2E95A9A7991FC1258A6300543D30/%24File/OSW10P_455.pdf
456,https://orka.sejm.gov.pl/osw10.nsf/0/99EDEA8F5BC198C9C1258A650062EE26/%24File/OSW10P_456.pdf
457,https://orka.sejm.gov.pl/osw10.nsf/0/D471F0AC0F4E8745C1258A6600531D59/%24File/OSW10P_457.pdf
458,https://orka.sejm.gov.pl/osw10.nsf/0/C3A2E7AA33F71442C1258A630053F457/%24File/OSW10P_458.pdf
459,https://orka.sejm.gov.pl/osw10.nsf/0/A28AE805CC5088D6C1258A630057F4F2/%24File/OSW10P_459.pdf
460,https://orka.sejm.gov.pl/osw10.nsf/0/C8A8333FDE3A5163C1258A660064ABAE/%24File/OSW10P_460.pdf
